race,category,bib,name,id,place,catPlace,sexPlace,sex,age,team,netTime
21KM,21KM - ATE 59 ANOS - FEMININO,1,a991436dd80232a0e7f670ef520d98bbacfc5e07,904f592d1f793f5de74cab50682d7b7db2f7ab2c,235,4,125,F,41,R3mo Turismo,02:28:29.649
21KM,21KM - ATE 59 ANOS - MASCULINO,2,37b10b493d8ced9ca06d9978648b390d1bbe3b7f,96b67b653f7742a6fc1f1913ba40bc00e17fee42,241,28,115,M,48,COCI,02:36:03.577
21KM,21KM - ATE 59 ANOS - MASCULINO,3,42cbd9866c37bcc5b262ca41d82b1083806ee50b,ad90e5e15b9e7a89114720bf1908239790fa0fc1,213,13,98,M,31,,02:01:36.760
21KM,21KM - ATE 59 ANOS - MASCULINO,5,987645e05ba936c072defbb7aea2288972cdd7aa,079765179ea47c8e406bbe8de904f27100b54b5a,245,30,117,M,40,Actionrun,02:38:04.675
21KM,21KM - ATE 59 ANOS - MASCULINO,6,38f5956492d3c42181e223008f8b06954073d78c,8e290c17eeb8c43267241b05c30db87cbb38c68b,209,11,95,M,41,Actionrun,01:59:59.717
21KM,21KM - ATE 59 ANOS - MASCULINO,7,8815db3abe448d93c7655d5ef27c563ecc233d87,b50db91db8818774ca630c38d4fd4ac251365c7b,236,25,111,M,29,FIT AGRO,02:28:55.189
21KM,21KM - ATE 59 ANOS - FEMININO,8,fa90fd4fafcf2f47d79cef30af7726d69d86318b,6b8de59b0293012672b9b6f721b2867ba33801dc,242,6,127,F,37,ACTION RUN - RUNNERS FITS,02:38:04.030
21KM,21KM - ATE 59 ANOS - MASCULINO,9,4efbc81b68e1427b3db7c5c03437c4a40a7fd60e,7f18a0daecc5c0eaf8ac7b398dcac255acaec393,234,24,110,M,28,BELLAMAX,02:27:21.828
21KM,21KM - ATE 59 ANOS - FEMININO,10,84305d04b9af8139a3302475712a46ae7a60163e,3ef40c5bf886abfe6f97e7510eca6fe5958da608,257,15,136,F,32,Wizard Runners,02:52:31.732
21KM,21KM - ATE 59 ANOS - MASCULINO,11,7723954f9203cad2003296ea1a716bf6aee4a80a,163bc28c9a8be5f4966cbfeabcfe9c9112a68289,225,19,105,M,47,Tony Js,02:14:36.287
21KM,21KM - ATE 59 ANOS - FEMININO,12,b7115b2930670413e0547d22381ba5d55c15cf33,6698f5470104b2a0a36c06785e54f32b9e100454,205,1,113,F,38,Percurso livre,01:58:09.050
21KM,21KM - ATE 59 ANOS - MASCULINO,13,ae3f63c6b92106ece2926d52fc61394d7dc744e1,fb987827dcc36182958aef16d8631dc3d7fe5138,215,14,99,M,33,RUNNING FREE-SG,02:04:09.005
21KM,21KM - 60 ANOS E ACIMA - MASCULINO,14,bf55f6cbb1ca356ee48c13b6a29b470228dcb91a,8d2e0d9a9ada6c0f6aeca6d3ccd03a1f25be6e45,222,2,102,M,64,SA Run,02:11:03.384
21KM,21KM - 60 ANOS E ACIMA - MASCULINO,15,5cd0e42828a14c7d2bc0220bea764da5065cd220,e000f1ec29b7af7d18d97a0d398dd24c9e262e8a,256,4,121,M,60,PÉ DURO,02:52:30.557
21KM,21KM - ATE 59 ANOS - FEMININO,16,428dd84b67b74ccc18a293861811a8521521a1ba,cbc64ac0a92e5348e410e05cf8c26b9c2e7ec12f,263,19,140,F,28,BOA FORMA,02:55:23.468
21KM,21KM - ATE 59 ANOS - MASCULINO,17,76a731503693bca9ba391990064557d8a284ddef,f2610daab1d7ba40db785f9ad4065e4eec58b127,261,35,123,M,30,BOA FORMA,02:55:23.127
21KM,21KM - ATE 59 ANOS - FEMININO,18,ecf38d164143490c6853aed9fbb2866af7d9a58c,d6fc84b50b1c2651c6c06d39709f74db0daa637e,262,18,139,F,30,BOA FORMA,02:55:23.353
21KM,21KM - ATE 59 ANOS - MASCULINO,19,365f6b31efca4f4ea5984d03dc6301890f82120f,1ba26b342517c06ff92cde72af6315f22d91b6e9,210,12,96,M,52,BOA FORMA,02:00:29.507
21KM,21KM - ATE 59 ANOS - MASCULINO,20,b330a6febcddf887919e3a0df1d1ca347694108e,08edc61e4f9cabbe0594fb6fc513765739fd0ade,226,20,106,M,51,BOA FORMA,02:18:23.431
21KM,21KM - ATE 59 ANOS - MASCULINO,21,33820438384ac5eb79c02324b9530d384220f2dd,f544425d68304bc7f8496de91642b46708c6fa4f,233,23,109,M,52,Studio S.A.,02:24:35.536
21KM,21KM - ATE 59 ANOS - FEMININO,24,b491318f5adf016a3b29f2d0acf8cf5400cbb13b,cbc6296c4bc8133ed1df36cc6cb37acf76fe2b04,271,21,142,F,20,Equipe Boa Forma,03:17:41.785
21KM,21KM - ATE 59 ANOS - MASCULINO,26,556ae6724562649264a629ecb5cb0ad2153bed79,be8fa76571a63c6e7955772b8322c6672fdead4e,190,9,90,M,26,Free runners,01:53:20.955
21KM,21KM - ATE 59 ANOS - FEMININO,27,9a477605c27d80290c8c95f28de67ccb4852421d,b9cbe46c6dc07d38db013b62703fed953698923f,231,3,124,F,41,Percurso Livre,02:21:38.163
21KM,21KM - ATE 59 ANOS - MASCULINO,28,2b889de0e672e3e0a1705fe8e318e31d2bb14a66,dea561ea80a0196442fd757044fb6a70b32928a8,158,3,79,M,31,Amams,01:38:48.388
21KM,21KM - ATE 59 ANOS - FEMININO,29,b2d8ac1ac2ecc0035d500578698529b5e73b03a5,1cfe7537495b4c076b333e680d2aaeff42ade4a0,248,9,130,F,41,Amams,02:44:50.973
21KM,21KM - ATE 59 ANOS - FEMININO,30,0b7de2c60ea7cf1f48bde0f4790bcc3b9ff93315,642e797f5e48984406e09605585dedcf92381089,243,7,128,F,49,Amams,02:38:04.057
21KM,21KM - 60 ANOS E ACIMA - MASCULINO,31,7e01ab22e35b93652497afba7b8bb81a5316d833,8fa9c23f294789c818ac758afaabaa1c1ccebde0,204,1,92,M,63,Avulso,01:57:15.000
21KM,21KM - ATE 59 ANOS - MASCULINO,32,135eed8b60c6b9780982b6658098de4b528b41e2,0f2a4d1e9e4894ae3f554197ad8dad7912e63d96,265,37,125,M,,,02:59:45.552
21KM,21KM - ATE 59 ANOS - MASCULINO,34,7359e74024abe6f6b6a96bc5817d2cb3fbf7ace6,67cd0b61ad8119ad8de5cbb408043673adfc9f83,216,15,100,M,29,TOP RUN ASSESSORIA ESPORTIVA,02:04:43.140
21KM,21KM - ATE 59 ANOS - MASCULINO,35,a639a4e42ba26c1aae1e70c3335764a34153ef7c,b8b2d9a5de0b9bbbf0bd368c81ec48960c6b7d1b,239,27,113,M,30,RB ASSESSORIA ESPORTIVA,02:34:58.585
21KM,21KM - ATE 59 ANOS - MASCULINO,39,fb43ee75504c530cfa4ef11bb1109742fa44ab87,64539e124aacb9fda8b92ad7fd8c121b96010db5,254,33,120,M,36,,02:51:05.721
21KM,21KM - ATE 59 ANOS - MASCULINO,40,d537edb2ea6668ec5d7f21d3b4b82b31bb475c75,696713a15a8a4a0c51c9281e7c83fb46c04ba3aa,171,5,84,M,46,,01:44:33.579
21KM,21KM - ATE 59 ANOS - MASCULINO,41,7092502811bb73a03f06734013df05a4c4ec468f,aeeccf67b5c8a052bb24811783eb3d9f49d84ecd,184,8,87,M,37,Runners Club,01:49:28.356
21KM,21KM - ATE 59 ANOS - FEMININO,42,e546b466d45f9e62b98008c07664efcbd2b22c5d,7e1a3e84e06e751854223f291eeb7939501ec335,228,2,121,F,37,Candéa,02:19:47.308
21KM,21KM - 60 ANOS E ACIMA - MASCULINO,43,4edd2f7672c821d7a6fb2a990f3279da0ed16cc3,1b00ae6e63635ee705d67492ec36ac465ebb53a7,240,3,114,M,72,AMAMS,02:34:59.274
21KM,21KM - ATE 59 ANOS - MASCULINO,44,3ff1b619ca8d4a1bb67325015192818faea8272c,92e97e8c3c0378d080ac8dd65b82513511f3777f,269,40,128,M,27,Street Runner Br,03:16:30.954
21KM,21KM - ATE 59 ANOS - FEMININO,45,fd7f17a7a24276e5c2d5583b206a2e747aa120db,a73ad0f3ee22b79280f32edc7d0f503498125a11,252,12,133,F,50,Passos,02:47:36.443
21KM,21KM - ATE 59 ANOS - MASCULINO,46,73a76e70e8c839301db367e689ec84f3b567040c,f28d866f009094885a53fc44670c7de86daf243f,181,6,85,M,38,Luiz Olmedo,01:46:32.653
21KM,21KM - ATE 59 ANOS - MASCULINO,47,068704c841d7935077c9c8389a0fd8ede09fee38,75e502c002ce1c35141e0fa05ceaa1fa6c0dafd6,272,42,130,M,39,nenhum,03:20:02.837
21KM,21KM - ATE 59 ANOS - MASCULINO,48,9abfbaeb6f3902c9499ad80aedf83b97ae89e6cf,706c8b3b52e0517fcf76bcec23e3713208b781fd,270,41,129,M,31,,03:16:31.203
21KM,21KM - ATE 59 ANOS - MASCULINO,49,c4e949e8048e8eb95a79662de57948f3101e2e4c,e12517e49f5cada9a36ea74d34b5c0a8c23e7609,217,16,101,M,37,WR Adventure,02:06:51.706
21KM,21KM - ATE 59 ANOS - MASCULINO,50,fe7711d71f2cbbdf973647fd542ac44add4368ab,b91114d742e25994c2d2f980b97d8704c5deb872,207,10,93,M,32,Pangaré Solitário,01:58:34.541
21KM,21KM - ATE 59 ANOS - FEMININO,51,37a01ba767f7dc28f56d4b8790c8da9a94621aa4,632a7258340b76705de96c9b29d607c1f17e5030,255,14,135,F,29,Avulso,02:52:27.726
21KM,21KM - ATE 59 ANOS - FEMININO,52,20ca0ee00287954c69b4916988db9323c49810fd,27085b6bd72e69e0d6fd1fd1a0836a81d94052a3,249,10,131,F,38,Não,02:45:34.323
21KM,21KM - ATE 59 ANOS - MASCULINO,53,924b8312c1efc60557257cc6bb2151efc6e071b0,091bd550827abe37a5becbbb8a1e590e70f65c38,108,1,56,M,21,Olympikus,01:26:02.604
21KM,21KM - ATE 59 ANOS - FEMININO,54,5eefdb71962facee70ec4e335ef8e54cb3988e0d,c50d0812b0c0e30a8e269cb6196aeea553f12035,253,13,134,F,39,Olympikos,02:49:57.944
21KM,21KM - ATE 59 ANOS - FEMININO,55,af85cfaf1ba02752d9ae54ac11572d78e5e5942c,fa2b87a4d6237601297a6f4469f0b5378a926e51,251,11,132,F,19,Vitoria,02:46:56.461
21KM,21KM - ATE 59 ANOS - MASCULINO,56,d73f91a0225388f59578d7b97fb145b56b81b454,5e5fed9204896bd8eae18117358e6d4164d273c1,183,7,86,M,22,Olympikus,01:49:28.254
21KM,21KM - ATE 59 ANOS - MASCULINO,58,77b39e1fc25d9bb8c579daf27f46ce79fd07cdcb,a8630026b1d5fb418118bf894d811a0bb00aea9f,224,18,104,M,29,Olympikus,02:13:27.222
21KM,21KM - ATE 59 ANOS - MASCULINO,59,2c89b0aa1f7e65aa1d105d36a2e18f489919e6b3,4948b14382ec76d93aa6cecfe09dbcf7d937f249,247,31,118,M,38,Melanina Fitness,02:43:26.305
21KM,21KM - ATE 59 ANOS - MASCULINO,60,5fc972e2d95384d3c7ddfbd9b73829f7ec941185,5cf24ef575bda3f56e58c737a2b4d400be697a37,250,32,119,M,43,BOTA PRA CORRER OLYMPIKUS,02:46:05.064
21KM,21KM - ATE 59 ANOS - MASCULINO,61,e04faf0d63ad481651edc3e9ab9d8511f8b391dd,133f96a2c12de5d44dfd1243e1d60f26077612cc,145,2,74,M,26,Olympikus,01:34:34.932
21KM,21KM - ATE 59 ANOS - MASCULINO,62,2449b373b104b30b3ba737850b755163cd745f7b,9af908aa84fb681ce8c5750ccabf5feb382c4d90,223,17,103,M,33,AVULSO,02:11:37.385
21KM,21KM - ATE 59 ANOS - MASCULINO,63,a2cf9f8d82fdde5331579592debb62b191ea00a3,5fdb139e0acf823913a0050b11d18495d734d2ca,264,36,124,M,38,olympikus,02:57:47.545
21KM,21KM - ATE 59 ANOS - MASCULINO,68,9ac98d531d085f6ca5cb82206cb72ff347f1977c,de8b488603bbff8e9e468effca6e13c53ac1eaca,268,39,127,M,26,Os pragas do Pantanal,03:03:02.241
21KM,21KM - ATE 59 ANOS - MASCULINO,69,6f7f65006a25866acf93093d404fcc83427b0ecd,2421d4dc1f59704b38898eb5ff6a14a0dbc17c9b,244,29,116,M,32,Os pragas do Pantanal,02:38:04.356
21KM,21KM - ATE 59 ANOS - MASCULINO,70,466027c47af018c84dcbc8ae9b95c42493225299,aeecf9ebb68f09457e66d629817a29d97dd7e725,266,38,126,M,52,Rede Globp,03:02:13.920
21KM,21KM - ATE 59 ANOS - MASCULINO,71,612c2c9df71c85c5d64e45a64367c7de772ec482,d475193d0dd48dbfdc76f2ca9567352262848271,232,22,108,M,23,,02:24:26.609
21KM,21KM - ATE 59 ANOS - FEMININO,72,9b812129aa9f568e05fbd440708c517c88661202,d18be5747a1c2a59e17dd00ef3e79767bdf96095,237,5,126,F,30,RunnersFit,02:34:55.831
21KM,21KM - ATE 59 ANOS - FEMININO,75,d1550bfd14a2cdfe67132837d17d81d7530b8460,af643fe557670ac19c5bb8d2b6172b3ed87e00ea,267,20,141,F,31,Rede Globo,03:02:13.980
21KM,21KM - ATE 59 ANOS - FEMININO,77,38dc030e5ba46d7a0baa7d0a080dbe627336aa19,24c5ab6159e33354c1c8fcbcb528324e8a830277,259,17,138,F,27,Wizard Runners,02:52:32.031
21KM,21KM - ATE 59 ANOS - MASCULINO,78,a15f8f60caade4e539f0d3145151472d8c31c15b,95a3978b19cadb3351fe04a793d282a65479112f,238,26,112,M,29,,02:34:57.671
21KM,21KM - ATE 59 ANOS - FEMININO,79,43e5cec4d95f07cfb8cc9caaa1b5a7d8867cf82a,2b12b26c6dededda2b8353908a3369aedac7fd66,246,8,129,F,38,,02:39:47.843
21KM,21KM - ATE 59 ANOS - MASCULINO,80,63933ef07b1ef100477ac05a056c38ea15739d7f,cda85575aae35ef4940fa8b0da791134f6d46dda,159,4,80,M,,,01:39:31.463
21KM,21KM - ATE 59 ANOS - FEMININO,81,746a8e1c235ab0593eb60aee368097c4a8af07ca,a7f2172f086d67b913fc8fb48c1f1c859c36c7e2,258,16,137,F,,,02:52:32.004
21KM,21KM - ATE 59 ANOS - MASCULINO,82,a147219e8cfeb37c61f945eb009d0d941999ad3a,3c94fbb51226c04fe7af82aea3e1612b1d2ea537,227,21,107,M,,,02:19:13.299
21KM,21KM - ATE 59 ANOS - MASCULINO,83,5ff57b44ae83fe910021ce1cb0de6db05400d188,da39a3ee5e6b4b0d3255bfef95601890afd80709,260,34,122,M,,MFS ASSESSORIA,02:54:14.939
10KM,10KM - ATE 59 ANOS - FEMININO,200,85f806ee70164da69ee4d5a3d723df3233779ec3,707152e31bafa1aaef09d6e4f00ab788e060540e,136,65,67,F,51,ACTION RUN,01:32:31.644
10KM,10KM - ATE 59 ANOS - MASCULINO,201,084fb0049985b768df793798df458c1fc7a97c43,c8a1f67bee4e8589c25c089aab5a9a66454ac9e5,126,63,65,M,35,ActionRun - Run4Live - Caveiras,01:29:21.390
10KM,10KM - ATE 59 ANOS - FEMININO,202,f9d90825fd0daa33daec8bf6e4424d95d42f1009,cca91d4f6a0ad0a8fc0ff232dd6ec2cc91609ac5,46,17,17,F,40,ActionRun,01:13:13.180
10KM,10KM - ATE 59 ANOS - FEMININO,203,861df4e97488d3e68a188787cbae15cb161da747,17405dd6363ffa47e5fdac1c11d40e7ff3df3e8f,194,101,104,F,32,ActionRun,01:54:33.276
10KM,10KM - ATE 59 ANOS - MASCULINO,204,102157a53fedf50cd4a720c92fc4b5d1e13c7d07,c56c8d066c1dad6a60b490bb943ea0bb8d8898c3,23,13,13,M,41,,01:04:15.898
10KM,10KM - ATE 59 ANOS - FEMININO,205,1ae44c47dfacfeef51221dcda0e21f64699c8cfc,573b6872998ae01e61796e811f19de59747d400e,82,36,36,F,32,Actionrun,01:20:22.164
10KM,10KM - ATE 59 ANOS - FEMININO,206,a35eca2548d857dcae3335eb6f057e2de394e85b,9ddceb73f8adbe6c4dc37d75219953040f029f67,83,37,37,F,34,Actionrun,01:20:22.667
10KM,10KM - ATE 59 ANOS - FEMININO,207,ffa59599e6ffc8b40e64119c8e9ab00e2ff674ce,6cfe4a166f7445c4e50be3e1864b9d86322dba66,19,8,8,F,38,TeamAnnaP,01:02:07.182
10KM,10KM - ATE 59 ANOS - FEMININO,208,01b06a3e3971382c293d6aa53ca6038be565412a,17fa5d4348d5fda5a3f199d17902c07e7ed3eb0c,164,80,83,F,49,runnersfit,01:40:04.492
10KM,10KM - ATE 59 ANOS - FEMININO,209,d484f9f751025830bee119b78f30306dde6d3941,b5471375c68d215da12f82734c199c72b54c6d88,135,64,66,F,50,Cobras do Asfalto,01:32:06.791
10KM,10KM - ATE 59 ANOS - MASCULINO,210,ea2b5105d585b12aad511e59ef6c7d7ef838e0c3,9855e298a2122ee91a3c50fbc3be0708e2011e09,168,77,82,M,44,Brigada Pantanal Prevfogo,01:43:58.963
10KM,10KM - ATE 59 ANOS - MASCULINO,211,4ba7a6ea9b313857d8a169bdf33f244b128e6811,8111569c766530ac302378771fab80829f45f179,79,46,46,M,33,,01:19:47.300
10KM,10KM - ATE 59 ANOS - FEMININO,212,4dd9f6e2feaffdfd91e3254ca5a9701b651f4d01,78ef702586c0cf7a31bc5ac3abcc365bb4a3d448,176,89,92,F,44,Run4LifeCorumbá,01:45:54.887
10KM,10KM - ATE 59 ANOS - FEMININO,213,9f432fbcb6e4b4ff1d00609f4f9964e4e6efb26d,2c89e913f6f5954b4c8502697dab1bdccbf04478,93,45,45,F,47,Run4LifeCorumbá,01:22:45.569
10KM,10KM - ATE 59 ANOS - FEMININO,214,13581c3eb9b07c2cd16363bd24c01f0cc5a16b7f,3bc9195a13d887250ebe113e0b5cf23d90d0c5f1,137,66,68,F,56,Run4LifeCorumbá,01:32:48.708
10KM,10KM - ATE 59 ANOS - FEMININO,215,2aa7b75eab044acc8b2a3a31c73dfcb89ef741b0,26356e8601c8d7553e572b1e330274a96b7d7acb,81,35,35,F,39,Run4LifeCorumbá,01:20:18.496
10KM,10KM - ATE 59 ANOS - FEMININO,216,da40ef8339350a0c9a0f148c5f3b13a01ecada31,f05bd29fae219f1562ba8ead7b386e7e7099cf3c,140,68,70,F,47,Run4LifeCorumbá,01:33:16.570
10KM,10KM - ATE 59 ANOS - FEMININO,217,a849f97bdb3e5e4ac9bac1f322e820fc070939fc,d74ecbb7cf5026743dcb8b9efd385bf4d057605a,173,86,89,F,27,BELLAMAX,01:45:07.087
10KM,10KM - ATE 59 ANOS - FEMININO,218,d7061d633969f0b33cd11818159abb75ce3e110d,fabe4778594c13db88bce33253ccd71870e6be98,112,53,54,F,56,Passos,01:26:21.955
10KM,10KM - ATE 59 ANOS - FEMININO,219,c42799360149a5ebc5a5ec44a519c53b2dd70093,7f7fde5a1bd57d4b191143322fc82c5103898fa6,100,48,49,F,32,Vida Corrida,01:24:26.029
10KM,10KM - ATE 59 ANOS - MASCULINO,220,f814ec286aeee642b0b0a1672c9ba7c50bdf9595,952dee6cf50a5921005cd3324d6359a4297585b7,101,52,52,M,35,VIDA CORRIDA,01:24:26.174
10KM,10KM - ATE 59 ANOS - MASCULINO,222,e99e9b658214804639425f466f4f05a173ea0a5d,b61014a8cbc6b8f598dbef5327d645ca622bb270,6,5,5,M,37,Santiago,00:52:48.593
10KM,10KM - ATE 59 ANOS - FEMININO,223,b7bd36c345793f6c4a9b1bb6817fb5da3156da3c,5fdd45945feb09a5a9f3b2ec3591abf5daf3583f,105,50,51,F,36,Guru,01:25:38.411
10KM,10KM - ATE 59 ANOS - FEMININO,224,f9f7f10ae06f3596570528c5847269794b02d3a0,152a2db0859a177057722e13ddbaa15ba7509896,48,18,18,F,43,Guru,01:13:23.129
10KM,10KM - ATE 59 ANOS - MASCULINO,225,6e1e265427650adc332a3aa6b49c660e3ea814a4,e134f1c643cdc6a793a7a1ed35fae26d5ce78f9f,111,56,58,M,25,Gabriel Negão Tean,01:26:05.845
10KM,10KM - ATE 59 ANOS - MASCULINO,226,ca5f77d7cbc203d90a1d28b0c37476c34a8deee7,71a345f6990ec22cd15ca4e392e053db08685f14,110,55,57,M,24,Gabriel Negão Tean,01:26:05.469
10KM,10KM - ATE 59 ANOS - FEMININO,227,b88c3e3d431b172291d8b7a708f9f42c4cc0dc4d,7ba9c05cf85cec7d2cc471f06101f7d480adb0dc,58,21,21,F,53,Mtc,01:14:54.856
10KM,10KM - 60 ANOS E ACIMA - FEMININO,228,1e1516aec35b63e51392f8ed637f1c9d070d89e4,f0c247dedb1f8431f591fef0e612d4cf7f928080,124,2,60,F,59,Do carmo,01:29:15.555
10KM,10KM - ATE 59 ANOS - FEMININO,229,d08d3e2d3790b7e39bead35ecfead843c0a4813f,58c17a90e8560cd7785fef419e5407b74efb4fb3,162,79,82,F,39,Ademir Paulino,01:39:57.720
10KM,10KM - ATE 59 ANOS - MASCULINO,232,06b734521910ea348e3e77f12b271dd12a6dcef2,0298b40aca134c340eb84c3ccd3a34d3f491ba0a,32,21,21,M,33,,01:08:38.640
10KM,10KM - ATE 59 ANOS - FEMININO,233,dc1cf62b7d9bf8aa34a0cd1857641d8971476ff7,1b57e6fa821ef5ad03120344d8a454c396912074,80,34,34,F,46,AMAMS,01:20:18.366
10KM,10KM - ATE 59 ANOS - FEMININO,234,4c65b196bc203fdb7b1050dd71a5e89e4e10c497,8c0d2def4b79a17051caca930825cdf23ed58260,166,82,85,F,39,AMAMS,01:42:52.944
10KM,10KM - ATE 59 ANOS - FEMININO,236,1712c8c037e42ee82f569b59390862479002f532,b6bc44b5f252304cb5cf8f7e649471aba3652dc8,219,114,118,F,36,BOA FORMA,02:08:59.089
10KM,10KM - ATE 59 ANOS - FEMININO,237,0dfafecb67e62d31fcb99467bf09a6cea189abdd,603cf0bfd042f5bc752182b0f63b37a6bd307e69,221,116,120,F,56,BOA FORMA,02:09:36.409
10KM,10KM - ATE 59 ANOS - FEMININO,238,10a9f1894da831dd67080900b23a757252daf78b,4af9606efb51f45178ec5d77bd5f7876775217f1,186,96,99,F,56,BOA FORMA,01:51:13.753
10KM,10KM - ATE 59 ANOS - FEMININO,239,94b889a8feb6f58cd78ab15ac1355ecdc5eb7cc0,eee50d1e0b5f7627dabea833fde2fb1d793a78f8,220,115,119,F,45,BOA FORMA,02:09:36.008
10KM,10KM - ATE 59 ANOS - FEMININO,240,a9a441bb48fea667a82feac1122a9430c458f98f,806d5171193cc9894399159639aae883913650bb,106,51,52,F,53,BOA FORMA,01:25:41.990
10KM,10KM - ATE 59 ANOS - FEMININO,241,6ad4b39ed8fdcc764ab33baf37064790e90950e5,e69353d552ac514f69802b97d102940f590fa347,154,75,78,F,38,BOA FORMA,01:37:43.883
10KM,10KM - ATE 59 ANOS - MASCULINO,242,e3ef271ddfc45d44c94a80a5725208620f9b8d28,c866f9bfee21342ed7e415f8ec5f160a99fc0114,122,61,63,M,23,,01:29:06.177
10KM,10KM - ATE 59 ANOS - FEMININO,243,37530b2caba270d95a9f0f1b48b7277c03cfaf9c,4e148cff980c68283555a50aa3f85bdec6ba679b,203,109,112,F,44,S.A.,01:56:59.381
10KM,10KM - ATE 59 ANOS - MASCULINO,244,09c20e33412086b7e7bf627e45bd58cfabbada6c,75529c11db4751b0c740c1819f4d18aa0fa5e411,202,80,91,M,53,S.A.,01:56:59.278
10KM,10KM - ATE 59 ANOS - MASCULINO,245,b4ebaaa03751abfb70d01fb713fda29b0177f019,cafae8880572faf89430adb84f9e595905550bc4,28,17,17,M,39,Studio S.A.,01:06:26.905
10KM,10KM - ATE 59 ANOS - MASCULINO,246,ea9a2ec1e5a2d1c329382c66e243eda0391b7e0c,f6a135d37e493b1a555ac86fe0d4021a4728d2de,39,26,26,M,58,Studio S.A,01:11:19.205
10KM,10KM - ATE 59 ANOS - MASCULINO,247,e9de6eb0ef38b8b2b2fc92a306befbf64c8bbee8,1381f83f7b154f05c39eded586f1aa7071146462,61,39,39,M,47,Studio S.A.,01:15:31.258
10KM,10KM - ATE 59 ANOS - FEMININO,248,13a8e5e4d5c992cbfb9eae6e4d9cb517edcca87c,166928cdfdbf4905b3477ae483733deaa9b74b50,114,54,55,F,50,Studio S.A,01:26:48.531
10KM,10KM - ATE 59 ANOS - FEMININO,251,be61f4910b8f909972aa06703f2bd3aa796ceee8,6850536055b657912207957a81a246e1bda92e88,175,88,91,F,45,Run4life,01:45:51.748
10KM,10KM - ATE 59 ANOS - FEMININO,252,9f467e95fd4824f530b8171f51d011dbe3e384da,4090887481e7820b0140eae3383ff7d015835c94,109,52,53,F,51,Studio S.A.,01:26:04.951
10KM,10KM - ATE 59 ANOS - MASCULINO,253,f47abaf020071ca6555ba7ce2297b283675069ac,ccbdf12a4dbbf95772b535e7ffd423babd3441f9,47,30,30,M,57,Studio S.A.,01:13:13.448
10KM,10KM - ATE 59 ANOS - FEMININO,254,f5ac221438f88e560ecd6a0dfbf8ad9c84313e8a,a064672b30c2b17df930bc158d43589b6318e273,214,112,116,F,49,Studio S.A.,02:04:00.612
10KM,10KM - ATE 59 ANOS - MASCULINO,255,d0af136bc5bc672a0542e64f0bff63695d36130b,82fa77e6556e93c456bece7057c38efa2f931293,29,18,18,M,31,Eduardo Pereira Raymundo,01:06:29.813
10KM,10KM - ATE 59 ANOS - FEMININO,256,6d5366c3614d12c097faf2f97e450551c4993e2f,3dd455879196eead10d1e599343b3ec141ee198c,90,42,42,F,44,Ademir Paulino,01:22:02.820
10KM,10KM - ATE 59 ANOS - FEMININO,257,c26513082ac1b6c09157e53b5ad33cd5bf36dfec,f3378393aa75ccd4d13974e215cdabbf71e2f41b,62,23,23,F,43,Saúde & Movimento,01:15:33.960
10KM,10KM - ATE 59 ANOS - FEMININO,258,5f6540f1f9844cea9e212d88104b424f1cd1332c,be5f6a187341fd21d94aed78f85c612a57b77b6c,130,61,63,F,29,Equipe Boa Forma,01:30:24.301
10KM,10KM - ATE 59 ANOS - FEMININO,259,931951529fe00aef00f8adffb2e8e1e64f12fcd8,f493d55fdbaa3e199c3501cc187f701982335804,200,107,110,F,41,Equipe Boa Forma,01:56:27.535
10KM,10KM - ATE 59 ANOS - FEMININO,260,2ab924f890e78e1791b26d56c2cd5ef44cf5ffc9,75111f1c2235b2b1ec6227b733e5c32f7df34efc,33,12,12,F,48,,01:09:24.145
10KM,10KM - ATE 59 ANOS - FEMININO,261,16aba727655c5821a8172313a0842d99d1b496d4,62e9eb0575ec0308a732a508ac6e430273b768a2,153,74,77,F,24,Free runners,01:37:17.820
10KM,10KM - ATE 59 ANOS - FEMININO,262,336c67367c68d79257c8d2ec2e9112c7a7579d73,9133340b38b206902d9aa7c947195f29dacdc98b,152,73,76,F,40,Free runners,01:37:16.971
10KM,10KM - ATE 59 ANOS - MASCULINO,263,79c326924d667bf38212cf26cacb5f6e5bdb171f,9356b371b90a42d65abbf6d80013b8817f695d44,96,50,50,M,26,Dellas,01:23:14.657
10KM,10KM - ATE 59 ANOS - MASCULINO,264,dee8c2d1d3f889bad5a32c91f64ecb1c27667fc6,1f03370944d9a56d8b3bc18329b6080a2595f9f3,86,47,47,M,32,,01:21:19.133
10KM,10KM - ATE 59 ANOS - FEMININO,265,6d3cf96385286e51f0d5b907396a500ffc4f1f6e,c6cc87bc96e63cbe4ce88d53f0bc59460b622d61,229,117,122,F,21,Não tem,02:21:03.714
10KM,10KM - ATE 59 ANOS - FEMININO,266,bb79b71d2adb3672b869e970af8fc3ce63e2c247,bd18b7aa53e47ee31165a7f28dcb5779ad5987d3,230,118,123,F,43,Cobras do Asfalto,02:21:04.171
10KM,10KM - ATE 59 ANOS - MASCULINO,267,4eb8e8aff8d1ceea0a6f8bbfa32a34057686d320,0fd72ffdf8f461537e4fc9a1c4c4f92e567d0386,129,65,67,M,22,Não tem,01:30:15.684
10KM,10KM - ATE 59 ANOS - FEMININO,268,5cbe73a532fd7bcd9547e7a2bcff4ffe8f71a772,326f529ce08677c328b695af3f742a4808dfcf27,15,5,5,F,21,,00:59:07.910
10KM,10KM - ATE 59 ANOS - MASCULINO,269,19c860dd9e3bcf9f13c18780bd66bc9aff7d48e0,c9dd9d013e28b265ea31d37d473ffd0896fdaeea,72,42,42,M,30,-,01:17:52.424
10KM,10KM - ATE 59 ANOS - MASCULINO,270,c2f134ea0c2537688abd3374bbb90a4a81d69b13,d72e36943d952aa130eec7afccad8facb5439984,55,36,36,M,33,Personal Fitness,01:14:18.807
10KM,10KM - ATE 59 ANOS - FEMININO,271,1b142aedb6361860163e60e2b84a9de574263d57,343a64750c91beb633d50076101b655861f64175,45,16,16,F,37,Personal Fitness,01:13:08.246
10KM,10KM - ATE 59 ANOS - FEMININO,272,5275ddaeb4e4741ed363be66d5de9c2bc82c73c2,9846f761a0701e04202b3db8442da57ec3d38130,16,6,6,F,45,Personal Fitness,00:59:29.730
10KM,10KM - ATE 59 ANOS - FEMININO,273,d025d9b449772d412d95f0c57502b64dbc6bd2f9,2b75a73094093c9729c30686407adb9bf4377dc4,69,28,28,F,37,Personal Fitness,01:17:11.265
10KM,10KM - ATE 59 ANOS - FEMININO,274,4a063dde68085522666dfd951c73a44042f5067e,a43cf60f22bb1ec5e13d033e7da26d6b3162d271,24,11,11,F,36,Personal Fitness,01:05:06.459
10KM,10KM - ATE 59 ANOS - FEMININO,275,48a09462db61478023a2aa516f15e01fafbd425a,bf30cd9678cd6eefcb2d4518fecb9f4bc87e2692,59,22,22,F,31,TOP RUN ASSESSORIA ESPORTIVA,01:15:30.167
10KM,10KM - ATE 59 ANOS - MASCULINO,276,5aa5d6ad872ef6ebf324edba89f4a0cd88e702a4,1c5acaf9ddab81f2432663293988b53578a323cf,60,38,38,M,39,TOP RUN ASSESSORIA ESPORTIVA,01:15:30.440
10KM,10KM - ATE 59 ANOS - FEMININO,277,9acb71dcb3f400a3b5748ec7f7a091eeb5938e7d,3401d850b20ecc746f8a4d590cd426b1173b1d80,66,27,27,F,39,TOP RUN ASSESSORIA ESPORTIVA,01:16:01.655
10KM,10KM - ATE 59 ANOS - FEMININO,278,b17dea67c8155f309b06e9ee0c049896edc881ae,80523247c90922d694c6a06cb3d11cbed2502c3f,92,44,44,F,21,TOP RUN ASSESSORIA ESPORTIVA,01:22:30.641
10KM,10KM - ATE 59 ANOS - MASCULINO,279,6011288e1be0f276561fb390d0012e1ea365bc02,46dbf7da15da09d97bd6b0132574268a73563aca,155,74,77,M,33,TOP RUN ASSESSORIA ESPORTIVA,01:37:45.383
10KM,10KM - ATE 59 ANOS - FEMININO,280,69f97f9a75435f7ed33350fa42e26bb85d0e8291,01f956f00d6d2dfda57d1e3c490204af27e75eba,91,43,43,F,32,TOP RUN ASSESSORIA ESPORTIVA,01:22:30.046
10KM,10KM - ATE 59 ANOS - FEMININO,281,0c51009a51ea861bc2cdf7617880075895dd34cd,1f0ade6ae10f732b33f222716e7c3777d28b29d8,167,83,86,F,50,Run4life Corumba,01:43:10.603
10KM,10KM - ATE 59 ANOS - FEMININO,282,ce37872be3e78b62c27d8a5c31e5293c398693ff,0fce68f600830c1f5f86435505944c28f4f5c167,180,93,96,F,38,Run4life Corumba,01:46:22.700
10KM,10KM - ATE 59 ANOS - FEMININO,283,f2739d90ce8ee6061b0b8faeead60a30431b762e,2d68254c260471e35647fc1ea33964a536529661,179,92,95,F,35,Run4life Corumba,01:46:22.672
10KM,10KM - ATE 59 ANOS - FEMININO,284,b1b1eb2c118075a3a1dc99f5f55989988acc4c20,596828da25049cbd58beb19cc395552f4b3d4311,131,62,64,F,32,Run4life Corumba,01:30:40.022
10KM,10KM - ATE 59 ANOS - FEMININO,285,9714eb7ceebc447821bfd39ebce43a5aaf956cac,679352a2e14e73baaf2da9dd476a658b51b984b2,193,100,103,F,41,Nao tenho,01:54:27.111
10KM,10KM - ATE 59 ANOS - MASCULINO,286,a58b03baba58356405c4484b0370c03948c479d1,c5b03c4a3ec58c6a1137ec774cf8a5a392416131,53,35,35,M,53,,01:14:18.607
10KM,10KM - ATE 59 ANOS - MASCULINO,287,9ce7acb958edd11e92862334e2e82175dc15af6f,53a01a76fb0f22ed7a96d694188f66a65a4b1031,67,40,40,M,47,,01:16:26.345
10KM,10KM - ATE 59 ANOS - MASCULINO,288,3da8b3aacbb868d30711576532e0b08bb9c2a7ca,f97274114bf53403dfec70698a16cc15472f2b87,208,81,94,M,46,,01:58:57.767
10KM,10KM - ATE 59 ANOS - FEMININO,289,4b99b363661b4c904f0cf1b24b6e52ba21dd13f5,97b653ff98719111f28d520bba6f7a36709c8bda,192,99,102,F,35,,01:54:23.142
10KM,10KM - ATE 59 ANOS - FEMININO,290,8cfde7bc521a5daf4d3aeaa3f9a00d46b7432dc3,d0430ba139e188cd42abfced41dd6c6d6cbfa012,71,30,30,F,34,Coelho Lima,01:17:31.428
10KM,10KM - ATE 59 ANOS - FEMININO,291,7fbce82cd1ad11dc1a2e79f1f6a2c0e50865e6cb,67a6ea8167fc11431be9b4e9985eba1f68c91193,75,32,32,F,43,Coelho Lima,01:18:57.195
10KM,10KM - ATE 59 ANOS - MASCULINO,292,f901d3e0f6af68a8de0e6c60e8485f5c8fb74d0e,690a7a0b6cc79469bd64b1b8bf3145e0536eb3de,52,34,34,M,40,Coelho Lima,01:14:14.141
10KM,10KM - ATE 59 ANOS - FEMININO,293,63ca073aa49ff7ea85ce876d19634d8519f79dde,c6047eaf21687a484205899e99859842fbf43a34,139,67,69,F,30,Run4LifeCorumbá,01:33:14.224
10KM,10KM - ATE 59 ANOS - FEMININO,294,d4a4f56489380c56b79dcece695c7f37e4f1e9d7,4e7989424e31701c29b4ad2835952a24e588776c,21,9,9,F,32,,01:03:21.935
10KM,10KM - ATE 59 ANOS - MASCULINO,295,246ad957874cf0cb3774c066fba5ebd9268d95eb,94b80b30b87002c96edd1f44be94dd74b10e7083,9,6,6,M,27,Maíra Brum Assessoria Esportiva,00:55:08.234
10KM,10KM - ATE 59 ANOS - MASCULINO,296,afd2fd68e8805afa4583be851843687077709045,d4210fb777986ce44aa10951ff1adf2747f9e147,31,20,20,M,35,Não,01:07:37.124
10KM,10KM - ATE 59 ANOS - FEMININO,298,373da2272d435dae10a9f98879a1ff5116bf9c6f,1b538838096722bd6681723069d20bc2b02bc653,127,60,62,F,34,-,01:29:21.608
10KM,10KM - ATE 59 ANOS - MASCULINO,299,875778e45e71b6db1ba6483f698730d23590edc3,350b5de7e76334fc0e5070465c7ac4fe8812fbce,26,15,15,M,22,Run4Fun,01:05:18.793
10KM,10KM - 60 ANOS E ACIMA - MASCULINO,300,da978082ce3be7ad2f436248d97204e3320124b3,9f52f311fc0f5454c9462a1592aece76b37e70e9,103,1,53,M,60,,01:25:04.631
10KM,10KM - ATE 59 ANOS - MASCULINO,301,5d113aaf14007ad430fdd57241d45704a88a91bc,dc63e38de97ed814f3c0377b17d2a201f0b6ee13,27,16,16,M,44,,01:05:29.511
10KM,10KM - ATE 59 ANOS - FEMININO,302,fe1d65485e3a8b0fc8446d72c8424ee2d371f282,2a6660ea835b75042e940ce5f2cae8800139a12a,42,14,14,F,29,NÃO TENHO,01:11:57.379
10KM,10KM - ATE 59 ANOS - FEMININO,303,09e89b84e5a7aaecca061f4562ec9a8d5dd6372b,fab69764ee958daf7875c1eda15f0a3bc220de4d,85,39,39,F,33,TOP RUN ASSESSORIA ESPORTIVA,01:21:03.459
10KM,10KM - ATE 59 ANOS - FEMININO,304,2dfae3e5d2c03bffdb689d554e89060470699870,8e888100eda06b954f6a5df0a84305c1557d5662,65,26,26,F,31,,01:16:01.558
10KM,10KM - ATE 59 ANOS - FEMININO,305,eba1e72246ff27a281597f460a3830c5878d72af,8cc5f824caf60729f9fcf6e3de4f25e45f35679b,118,56,57,F,41,Saúde & Movimento,01:27:48.927
10KM,10KM - ATE 59 ANOS - FEMININO,306,54a5baa0111ed3cfc88abd8a57323cb303be0b3e,689b0a5c14993fd48a927aa8b0187fba8db94ff7,161,78,81,F,42,Cobras do Asfalto,01:39:49.628
10KM,10KM - ATE 59 ANOS - MASCULINO,307,68d10e8c942f449350b48e1791eddb23a6ae77c1,d61b48b143a39313162757f8c6f058d722a5a09c,99,51,51,M,40,ActionRun - Run4Live - Caveiras,01:24:21.122
10KM,10KM - ATE 59 ANOS - FEMININO,308,4799af5699fdd0c5dcf5c5f72169adecbd46284b,da39a3ee5e6b4b0d3255bfef95601890afd80709,177,90,93,F,,,01:45:55.081
10KM,10KM - ATE 59 ANOS - FEMININO,309,1be09a5eccabbaa803fb4466249ce179ed6871e4,1178ddab77b394864fc4367898425fabca3558ee,191,98,101,F,58,RUNNING FREE-SG,01:53:39.093
10KM,10KM - ATE 59 ANOS - FEMININO,310,4ffd46c84ecd57ddb495f4c3a3aaf279f5dae7f7,8a7477024e30a8959221391be7eed03b7e0494ca,64,25,25,F,37,AMAMS,01:15:50.902
10KM,10KM - ATE 59 ANOS - FEMININO,311,9a86255152bd724bc32cdf1049401602d6ab9a19,7ebe8747c876166bceace8e9f3f4e727cddc52f4,121,58,59,F,56,Runners Fit,01:28:36.328
10KM,10KM - ATE 59 ANOS - MASCULINO,312,bef57fe8095e42fd0315fadf16ce911f43c567f7,974c6466b14232a46bd5eff3d7c778256e3f7722,14,10,10,M,42,Olympikus,00:59:04.521
10KM,10KM - ATE 59 ANOS - MASCULINO,314,b614467f9147e06e130a5773f82dd116c6757a14,25aaadea08e7723aa691bf314a9831f0cbb82e40,50,32,32,M,34,,01:13:40.880
10KM,10KM - ATE 59 ANOS - FEMININO,315,b09bf49f3c8c96fdcfcd445bb89b624f1ff3af7f,e6c46bfa9cc29c21f0cf52e83de0c850cde604c4,172,85,88,F,28,Olympikus,01:45:07.021
10KM,10KM - ATE 59 ANOS - FEMININO,316,56e3f68acc51634cf5163857c97f727ec18e053c,dddd80baafd25dfc2245507bc7a365784e62e56a,165,81,84,F,25,Olympikus,01:41:14.624
10KM,10KM - ATE 59 ANOS - FEMININO,317,fdb1a5631f3198df77fc6cbd5a52b65f62974c33,4f2c467ff7d53d0941adca323dd240a8ff0302ee,178,91,94,F,42,RUN4LIFE CORUMBA,01:46:06.158
10KM,10KM - ATE 59 ANOS - FEMININO,318,7fb4b75a0d2e0cb5114ccabdd3da45786e999835,467da8b6e61a66296aa0490f5a6f08f1837570fb,56,20,20,F,29,WH Brasil,01:14:23.507
10KM,10KM - ATE 59 ANOS - FEMININO,319,1694d9a2c7e741118eabda619e89fc3ea6d282bb,1e441222f5fba7d91b6133161962b4f7d97458b1,10,4,4,F,32,Beer Crew SP,00:57:03.774
10KM,10KM - ATE 59 ANOS - MASCULINO,320,e005e8cfabe5c49c445ad093c18feceec192fe6d,c5f369b4fcb8e459cf2ebca81cfa79bcbda5dfef,17,11,11,M,30,Olympikus,01:00:11.229
10KM,10KM - ATE 59 ANOS - MASCULINO,321,644a470db8101a9dba39f8bf4f3a12d03cd6fb09,5cb2220e5bedbad8d0fdd0d3c061fe08e38864f2,142,69,71,M,30,BESNI,01:33:27.666
10KM,10KM - ATE 59 ANOS - MASCULINO,322,ab83b90524d7f3a132c85239cd425052f7d19651,1e2b3f6b154c89b089daa784aebd525ee984dd47,146,72,75,M,34,BESNI,01:34:42.375
10KM,10KM - ATE 59 ANOS - MASCULINO,324,d4ff153bda11a795a055ea1233166568f7367879,8f39adcac956ae03058f3488873a3a9c97ea1665,120,60,62,M,49,sebastiao oliveira campos filho,01:28:22.989
10KM,10KM - ATE 59 ANOS - MASCULINO,326,b5700cda595ba77ec9ecd590a763dd7c1ec9cfa9,efb21c9447d6516df99ecdad49a86a1f8026a157,133,67,69,M,37,,01:31:51.128
10KM,10KM - ATE 59 ANOS - MASCULINO,327,4216c9748a714ffb7f100bcd4cf3c717acb4512d,057990d801d735caeb88b33d6d64abb31fb1636f,68,41,41,M,39,N,01:17:09.571
10KM,10KM - ATE 59 ANOS - FEMININO,328,ed547723bd84c34b5bafb0c9e940c17070c6ca46,07c53a1e64a9f0470768aa4df4cb25f38041c897,195,102,105,F,35,ActionRun,01:54:33.423
10KM,10KM - ATE 59 ANOS - FEMININO,329,c64b765908a248fce77229a716426abc3635213d,e09c551d1bde5bdf81b45b2007ef67a816966d14,63,24,24,F,24,BOA FORMA,01:15:43.514
10KM,10KM - ATE 59 ANOS - FEMININO,330,0d7554f4849270edcc63423d8aaef33eddac17b8,372a5fa344ea77d0a4de092e5ea5e8284fba3e4e,134,63,65,F,23,SQUAD,01:31:52.818
10KM,10KM - ATE 59 ANOS - FEMININO,331,a6cec03282ec737b37de432a2b49212eb9e730e5,53ec903747e682362057585150c5ecd1aa4ea17c,18,7,7,F,46,,01:00:51.221
10KM,10KM - ATE 59 ANOS - MASCULINO,332,a4bad3b47d9c3c169af2dd5a401c96f6e0225202,65cd8e15bff658e5c5e1d5ad40b335cf10571a5e,144,71,73,M,26,,01:34:10.327
10KM,10KM - ATE 59 ANOS - FEMININO,333,a0022f219da4c3992cbd795d9bd82668e7631ce2,62aa2de5988ae9a360d5e40e79b311802f208372,97,46,47,F,51,,01:23:37.618
10KM,10KM - ATE 59 ANOS - MASCULINO,334,1637e5a40c936ece690d798257ab12b21d652932,5375de1124394c7e83f878c77cbd6468dbb9964c,40,27,27,M,30,Olympikus,01:11:19.310
10KM,10KM - ATE 59 ANOS - FEMININO,335,b6ca85e427d8f2eb826ff3ca1292f0fded9c770f,8aa3defe76ecf8b84d2aad3f2af4feec0ff71a48,22,10,10,F,35,,01:03:22.317
10KM,10KM - ATE 59 ANOS - MASCULINO,336,a3bc3a0fab787db33ece38377415f74d3b5a2f6d,38b3d0522a5ff442d448ce26f3dc58bb13d904c1,11,7,7,M,25,,00:57:04.236
10KM,10KM - ATE 59 ANOS - FEMININO,337,3d16d43c9c24f7d6f9fa79ca6ea83834a4c57481,c4fa453635792670f8ed29ae7895be9db974ddb5,4,1,1,F,32,Avulso,00:50:22.440
10KM,10KM - 60 ANOS E ACIMA - FEMININO,338,04fb69dc57f3cdf8793690fb1fdbff72541e5930,a61536884e4e1468920c756792d24dace1369185,151,3,75,F,60,Não  tenho,01:36:43.577
10KM,10KM - ATE 59 ANOS - FEMININO,339,6daeba4477ced40b1b47972c49b9aab27515c02f,38945f3e2af6557b88a2fb88a66f018c5a08d9a3,8,3,3,F,24,Avulso,00:54:40.716
10KM,10KM - ATE 59 ANOS - FEMININO,340,dd585ff96556d43d437a6e04182c57509f62875a,318350e813b04ffa023b7742f7b3d3838dac95ac,7,2,2,F,31,Olympikus,00:53:39.319
10KM,10KM - ATE 59 ANOS - MASCULINO,341,7720cb77346af86375ccc987cf0b23e1f85568d7,0987941bd7bc46fe829bce8401d53de569bb817f,88,48,48,M,30,TamoJunto CT,01:21:20.385
10KM,10KM - ATE 59 ANOS - FEMININO,342,79e84a21bcc50a4d1b3c99d9a8d00a8c20720bbe,d440d39d92c7ca31ff39ccbdd1cb34cbca1c67e9,149,72,74,F,29,Olympuikus,01:35:44.306
10KM,10KM - ATE 59 ANOS - MASCULINO,343,263a16a7cb91abe58201e6df4ec1496b81f07a6d,92473a02399c23d5af14b3d9f9d8de0ee9a471a7,3,3,3,M,32,,00:49:52.475
10KM,10KM - ATE 59 ANOS - MASCULINO,344,b4916870c7d447aaa4b4b0bcb72d36765a4d8de2,6d9c0545e3b01191516a859228e6400eb232f46a,12,8,8,M,33,Erasmo,00:57:25.394
10KM,10KM - ATE 59 ANOS - MASCULINO,345,6c209fab8c39b5db25ba4866d4b724baab533f59,44fde3259eaca8159bd924c4fdf447c82cb19ce5,36,24,24,M,34,AMAMS,01:10:45.037
10KM,10KM - ATE 59 ANOS - MASCULINO,346,dda2b1f08efb0b294e735a95e00ebd10864a3a6e,82f0a5b98dfc430273408ee2de3367553ca3d7a5,20,12,12,M,44,AMAMS,01:02:16.642
10KM,10KM - 60 ANOS E ACIMA - FEMININO,347,f5565270c02c080b4dfdca7c3ced6cf54e636208,e0fd5774ff93dc288d06036de44557531ee53664,95,1,46,F,59,AMAMS,01:23:13.399
10KM,10KM - ATE 59 ANOS - MASCULINO,349,62d45e3ecaba8274d86c17b42caa82731dc7c44d,783bc53b02065c400f62400f155aafbd35a97a86,150,73,76,M,38,Croacia,01:36:36.404
10KM,10KM - ATE 59 ANOS - MASCULINO,350,0531a30b10b70543d163df92486c1d290cf653ac,0504085d176d6d8ee318d7e6cd8ab90e5b79a464,57,37,37,M,27,,01:14:45.095
10KM,10KM - ATE 59 ANOS - MASCULINO,351,a8d0b37dfaa7c852122790e71fdb14cf8950cc91,762aed5be092e2f020dba4a4d5f7cbe5990b9c26,5,4,4,M,47,,00:52:14.147
10KM,10KM - ATE 59 ANOS - FEMININO,352,85a8fe1379cd143cacc4c32ad3acdefbea67c661,b487f40b5fec6518a32fd4f230b115b629503fa3,125,59,61,F,35,,01:29:18.830
10KM,10KM - ATE 59 ANOS - MASCULINO,353,5b7ce456acc74624c8064af660fd1f4d2ebcd743,cc01530f35df872a7e666cc57a6b0dfd9f170c4a,157,75,78,M,39,desenvolvimento OLYMPIKUS,01:38:23.734
10KM,10KM - ATE 59 ANOS - FEMININO,354,9e73d85502de5183b114285133a7ee1f295c9492,ced4cf7f0dcabd6613f041c1d6290257dbcdb892,206,110,114,F,20,-,01:58:19.888
10KM,10KM - ATE 59 ANOS - FEMININO,355,1093008a7a24c84234c1b92d316718316f651ea1,292ea0793274764fe0d8175bd50ea3efbbe44d1b,84,38,38,F,34,Milk,01:21:03.387
10KM,10KM - ATE 59 ANOS - FEMININO,356,bfd38bdb034fec9a62f1e76ba04414a65b33be85,14103f5c45c47b1e775c12dea40931f07417fcf8,54,19,19,F,29,milk,01:14:18.728
10KM,10KM - ATE 59 ANOS - FEMININO,357,2b035162e897dc55597c87554e31ea17fcbe9618,f3e0c2ba7f54ad6f0f5c4f7c3713c775d731f73a,198,105,108,F,23,Milk,01:55:56.776
10KM,10KM - ATE 59 ANOS - FEMININO,358,88527f62b6d8439aefacc44ff4cbb5c73ddc780f,f2b51fc44861080f6276295a4360946020cd0fb3,87,40,40,F,42,milk,01:21:20.264
10KM,10KM - ATE 59 ANOS - FEMININO,359,b95fbecfd64449c9c292dd790dc3e84e310cabcb,aa47e84de4e7cd7752b70faf9dcc98ef47912b33,196,103,106,F,31,milk,01:55:02.121
10KM,10KM - ATE 59 ANOS - MASCULINO,360,100750ad9f8c45ea448bc58b833e2c21ef107238,b15f724ee39a53581898b48024c1fbde872cc92a,143,70,72,M,37,,01:33:43.146
10KM,10KM - ATE 59 ANOS - MASCULINO,361,a3834565f7972f3f49579414b2766cf72733302c,c4a35607378b19cc687f30fbfc32868b51f98b85,123,62,64,M,28,CROACIA,01:29:11.035
10KM,10KM - ATE 59 ANOS - FEMININO,362,06aed16eb460fb070fd9d79913674e642a2bf8a0,a342137df81af1b8f414ba3891d1929e732078e9,98,47,48,F,39,BOA FORMA,01:24:06.440
10KM,10KM - ATE 59 ANOS - FEMININO,363,da47549ccc14919d95002a618a3fb9fa4cd85393,851fa114be91a2dbfeaa5e801dfb154ffb71d587,156,76,79,F,31,,01:37:58.539
10KM,10KM - ATE 59 ANOS - MASCULINO,364,c689efc85c3a0d1d979675026229b4e383187d40,95abd3542c55e024b2fff0b12eb69eaacb922484,2,2,2,M,36,Pretto Treinamento,00:44:52.056
10KM,10KM - ATE 59 ANOS - MASCULINO,365,d7b9d8df6e7fae6ae8c926e359a4ec85dca71932,d7add6d7cb7900cb7bcd4af5f74dfce1cb3bca19,107,54,55,M,54,,01:25:55.758
10KM,10KM - ATE 59 ANOS - MASCULINO,366,04fc2a8b7fc155b2f8afc2b89dc73987d4d24b73,cb128620e46e3f79ab40c5122cf5ee084ed8a732,78,45,45,M,34,,01:19:44.988
10KM,10KM - ATE 59 ANOS - MASCULINO,367,477788f16853fd5194d926573ee8487f430c3446,143671a9fec8020fa0258a21c3c24b6097b61ed1,188,79,88,M,40,marcio,01:51:54.563
10KM,10KM - ATE 59 ANOS - MASCULINO,368,748da6cce3d32b2b2714440179471d0bef25249e,3c25c07bbdad8998a4fa42e172ea6fb0f2ed7f11,128,64,66,M,32,Milk,01:30:14.742
10KM,10KM - ATE 59 ANOS - MASCULINO,369,9bf93050c146829138679c54aea2dd7e25719d75,9a958607d965cec449356c71b45ec126ce109968,41,28,28,M,29,,01:11:57.223
10KM,10KM - ATE 59 ANOS - MASCULINO,370,fcbde1f19cdfcef2cdd1eeffa84877bb350855eb,c6a3eda015cfa724ee8b2f6a3d44c52629c8b3e6,38,25,25,M,51,,01:11:03.616
10KM,10KM - ATE 59 ANOS - MASCULINO,371,86ea7a000faa19557fd8caeb7f1622b01c540199,ea0b0d47e0e5b657d5a013d3b823957e9433fe18,94,49,49,M,32,GoFit,01:23:00.237
10KM,10KM - ATE 59 ANOS - MASCULINO,372,4fa90154905421066831bf0f2777f7f2c810799f,7674cc24df79a736077159a8fd8aef179a589465,51,33,33,M,28,Os pragas do Pantanal,01:13:54.361
10KM,10KM - ATE 59 ANOS - MASCULINO,374,dbd0d13f502acddbaa488655f3415175762feb7b,a78986121da97574d49d5b31c9bec0b67accd14a,138,68,70,M,36,Cobras do Asfalto,01:33:08.118
10KM,10KM - ATE 59 ANOS - MASCULINO,375,ad926f5803e198a014e1c566bb7a3ab02b6ec828,df1e653fb5f75db6ecd6aa1222d1056e0f18615c,34,22,22,M,33,Heineken Runners,01:09:39.102
10KM,10KM - ATE 59 ANOS - MASCULINO,376,87c4ece3754d31f0769422e8f08abee890d539bc,f3dcaef889dd29ad1e7c4231f012a15c1435b933,49,31,31,M,36,Caveiras,01:13:28.640
10KM,10KM - ATE 59 ANOS - MASCULINO,377,b2e6894a8d6da635c4ecf1a9d37bbb0ac8b866f9,82dcfc798894434ca1a344b595fb505b37b15dbc,116,58,60,M,36,Olympikus,01:27:16.864
10KM,10KM - ATE 59 ANOS - MASCULINO,378,c8da5e0d7a8c178a6c9550d1a0f0ebce2aa606a3,4d8517e20ea20059dff74c04de2578d6145319d0,117,59,61,M,36,Olympikus,01:27:17.889
10KM,10KM - ATE 59 ANOS - MASCULINO,379,850e459c13ae329c8c155bc3aecba05b085cb02b,a8a86b5f5316eae0e66bb80bd73b07e5fc9ee016,211,82,97,M,26,Olympikus,02:01:18.247
10KM,10KM - ATE 59 ANOS - MASCULINO,380,ae1ea079304af6205b582694ccf8492f86c83c03,480c11ea0608d8d0bc00faf594f86735826d8a40,169,78,83,M,23,,01:44:16.715
10KM,10KM - ATE 59 ANOS - MASCULINO,381,7b08e8f60616d1b81c6e672cd34e72f5cc4a730b,0ba1c33f9db37820b0b61e2d96df918fc6f4f596,25,14,14,M,35,,01:05:11.950
10KM,10KM - ATE 59 ANOS - MASCULINO,382,871d28733fc719e6e1ecf8e13a3b7ca7f54bd846,b9338915851dd67c89d4fe59634d30d6a0b037aa,44,29,29,M,34,Equipe Catraca,01:12:50.013
10KM,10KM - ATE 59 ANOS - MASCULINO,383,66c298fed9b966fdf754b75ef14a2aa7bcb089d1,006a6f4cd95b72d417ae7f64ae19851a1bc59c0d,77,44,44,M,24,Equipe Catraca,01:19:32.461
10KM,10KM - ATE 59 ANOS - MASCULINO,384,a4b1b92ca0360b528a95064371f27ef06a04fd8a,b379ca57358ff7644fbcdd4f1c4f7e54e80e244d,73,43,43,M,34,Equipe Catraca,01:18:15.220
10KM,10KM - ATE 59 ANOS - FEMININO,385,964ff209833c0f62121f2ff430d4e06b3fb0a723,2995cd2ec69e1676bdc1b34d8acc5919274e2074,197,104,107,F,30,Milk,01:55:56.685
10KM,10KM - ATE 59 ANOS - FEMININO,386,3bfc5fbe92bf68e3bd4ec490d705754afd544141,4178b3dba19744256bcc5f0e0518117a07b97540,43,15,15,F,53,Oca Amiental,01:12:15.560
10KM,10KM - ATE 59 ANOS - FEMININO,387,5ca3e57f0ba506077807ce083c59169b21fe4eca,29d6152e9411369e357d834d64c7fce3ae552e4a,119,57,58,F,35,Caveiras,01:28:19.457
10KM,10KM - ATE 59 ANOS - FEMININO,388,29a5f07dfe89dc853be6b1f14efd1c8d4aa230d2,1feba262d7538ba9689bd0df2fca45b7be650a22,89,41,41,F,50,sem equipe,01:22:00.110
10KM,10KM - ATE 59 ANOS - FEMININO,389,3baf1c39ef65325fc3bfdbc1b9289ba4c70c420a,8a7186b622b508ce366c814dc41751ee894e1981,187,97,100,F,30,briza,01:51:54.308
10KM,10KM - ATE 59 ANOS - FEMININO,390,bfdbcf08c9ad4a5ae9aa59ff06a1e54a9155d164,47489a710b9e5052ff0efa52da287f5282981af0,102,49,50,F,56,Cobras do Asfalto,01:24:36.646
10KM,10KM - ATE 59 ANOS - FEMININO,391,9ea777485b2bf49df034ef9f5eeba9644135fa64,11ea880dbb9310e3a3d5d86f36537deee3039ed2,141,69,71,F,32,Super poderosas,01:33:17.413
10KM,10KM - ATE 59 ANOS - FEMININO,392,463235e3ba52c0c58847bd339a03b9bcb4d6e97d,e36f7c9e7d9f6b4228d7707ba2719214b83bdde9,76,33,33,F,36,Os pragas do Pantanal,01:19:29.361
10KM,10KM - ATE 59 ANOS - FEMININO,393,620e671f94e9183785315abdd6f57e28421aa186,8e2cab9ff6eab359150dd3b9fb583c2e46de5575,37,13,13,F,38,Caveiras,01:10:45.350
10KM,10KM - ATE 59 ANOS - FEMININO,394,c5544fc2c361b44a0429c4e80faf95ca04bc8c5b,b751f3f10888c217b323d36475268abc97457986,147,70,72,F,35,Ribeiro,01:34:52.130
10KM,10KM - ATE 59 ANOS - FEMININO,395,6520409da8d49b90de337f504cad9436fec7b68e,eba9450596114a9b31779e9faec8ed525166c43a,212,111,115,F,32,Olympikus,02:01:18.816
10KM,10KM - ATE 59 ANOS - FEMININO,396,986938cb25b91ad4a44ac925cd9ef83920c4154c,c06cc138cb84ed8a784fd5ef747f1bbe35802710,148,71,73,F,38,Olympikus,01:34:52.578
10KM,10KM - ATE 59 ANOS - FEMININO,397,12275b038783f3ce8ff56dfe6fb2e2d495b08433,ce95cfd01f08af3188f4ebbe5d332c8d3420fe87,182,94,97,F,39,,01:48:40.552
10KM,10KM - ATE 59 ANOS - FEMININO,398,fa0278213ffdb33c6d6e17cbeef093d4daa67266,c9852be5b61ea5da6963a2799bb72b1230841c0d,170,84,87,F,28,,01:44:16.946
10KM,10KM - ATE 59 ANOS - FEMININO,399,9d23f680d815ecd01a7fac4751431ede654c7a3f,03d6d56c8e4f63738d8f6f7cd30feaa1ae12e032,74,31,31,F,40,Loucos por Corrida,01:18:39.200
10KM,10KM - ATE 59 ANOS - FEMININO,400,a987885c88dd600def5d003b1bbdab891d3d1c5f,a6820a0df6ea2b89afa1d111f85df893905d46bc,115,55,56,F,54,Wizard Runners,01:26:58.441
10KM,10KM - ATE 59 ANOS - FEMININO,401,7c850dc42d03040a95aac53200f6016fd231ec5c,1d0b4e34e7ae1681ce5d0dc168dc7c1eca69e720,201,108,111,F,26,Nao possui,01:56:27.692
10KM,10KM - ATE 59 ANOS - FEMININO,403,b769a41371fe03365988002f75e1457198b7951a,7bed2b0716c9889ae26d1f10cfe0ccc38394ee34,160,77,80,F,39,,01:39:49.263
10KM,10KM - ATE 59 ANOS - MASCULINO,404,7eef2f6fafdaaf4780f92b61a7ea1742bb326262,b4b3375324dd27dd187d2d4f727e272c80328f8d,1,1,1,M,26,,00:43:18.160
10KM,10KM - 60 ANOS E ACIMA - MASCULINO,405,a4649acd959096ad052565ec71dfa62da4b15903,20b79f2152a573737d1e97f5abdedfa6f075342d,189,2,89,M,65,Roberto Nogueira,01:52:20.091
10KM,10KM - ATE 59 ANOS - MASCULINO,406,cef5737df0dc257ad8bc61e72dd9417c7decf42a,65bf7a7457e7c52b60195b2976c887a0be742069,113,57,59,M,,,01:26:47.786
10KM,10KM - ATE 59 ANOS - MASCULINO,407,5ace0f3daaad02c30129d5c8081623a45798ea67,5fb41ae0ebf967af50f600053af576ca967d9187,35,23,23,M,,,01:10:43.185
10KM,10KM - ATE 59 ANOS - MASCULINO,408,6791d699c05a2f03239da2ba999cbfdda3751598,64ebf0013d838c14ef569ac9d51f2587d4fa8fac,163,76,81,M,,,01:39:57.733
10KM,10KM - ATE 59 ANOS - MASCULINO,410,fdf2761a54e4a375d4493109c4e2b660949845d0,3a51944bdbb09cca9ed3580b45e528f42b011d5d,104,53,54,M,,,01:25:29.233
10KM,10KM - ATE 59 ANOS - FEMININO,411,d58622b36e926b581e46da801da6ac3933dff954,06236ebb255ab07fbbfc2d63949281214c7b98ca,199,106,109,F,,,01:55:59.239
10KM,10KM - ATE 59 ANOS - FEMININO,412,1a5cc980fac518ce55bb0cd07ee6e3d22a3e7b40,1456278a14d37ee70eedf2831492a42a0b729041,70,29,29,F,,,01:17:24.618
10KM,10KM - ATE 59 ANOS - MASCULINO,413,d3bf8824954983b8bf7dc51fcb5e17e97c9ff704,1629650b574c3ce1875da21647cf1b7b4002fb3d,132,66,68,M,,,01:31:41.507
10KM,10KM - ATE 59 ANOS - MASCULINO,414,7c2ab0f26f561a8d9b518561f6729e6d5707513d,aff279e71defb12d3bf0ad9f5a94d7a215e33418,30,19,19,M,46,Team Geração Saúde,01:06:40.795
10KM,10KM - ATE 59 ANOS - FEMININO,415,a9fc6fea87852a1aa5fca557c4d3aeec78fc5570,d6d1851f71fb0de8f53df62b1dba4336ca4422ea,218,113,117,F,,,02:08:27.261
10KM,10KM - ATE 59 ANOS - FEMININO,416,645ff948a7703d492474c8d8f2bd4a8b1da7d7e4,764ad39c9404b1b4488e9ea5f63966ea67c25299,185,95,98,F,,,01:50:14.185
10KM,10KM - ATE 59 ANOS - FEMININO,417,15d04dd7f803513b5b46c4dc5ed7b60ad5039db9,da39a3ee5e6b4b0d3255bfef95601890afd80709,174,87,90,F,,,01:45:19.309
10KM,10KM - ATE 59 ANOS - MASCULINO,419,9cc51cfbbf5bbb6e6aa30d414635455317f6b138,2b1724243a3faac17ec7ea8e3192d23f45713ca7,13,9,9,M,34,AMAMS,00:58:45.009
21KM,21KM - ATE 59 ANOS - MASCULINO,36,5de55608c5effca2c7ad274ec1fcbe5da83475c3,3434422d6c8ef9d9e764b16569f55c28082aac52,DSQ,DSQ,DSQ,M,35,Nao tem,01:15:22.561
